{"mean": [797.279, 50.78648454615024, 0.97, 0.983, 3.9388698136242697], "scale": [420.00566086542216, 28.173102148640883, 0.8216446920658588, 0.8310902478070596, 2.2983119680687634]}