{"inputs":[["8527000000000000000000000000000000000000000000000000000000000000","5b27000000000000000000000000000000000000000000000000000000000000","3adaffef93f5e1439170b97948e833285d588181b64550b829a031e1724e6430","2927000000000000000000000000000000000000000000000000000000000000","82cfffef93f5e1439170b97948e833285d588181b64550b829a031e1724e6430"]],"pretty_elements":{"rescaled_inputs":[["1.2349853515625","1.2298583984375","-1.1805419921875","1.2237548828125","-1.5155029296875"]],"inputs":[["0x0000000000000000000000000000000000000000000000000000000000002785","0x000000000000000000000000000000000000000000000000000000000000275b","0x30644e72e131a029b85045b68181585d2833e84879b9709143e1f593efffda3a","0x0000000000000000000000000000000000000000000000000000000000002729","0x30644e72e131a029b85045b68181585d2833e84879b9709143e1f593efffcf82"]],"processed_inputs":[],"processed_params":[],"processed_outputs":[],"rescaled_outputs":[["0.1947021484375"]],"outputs":[["0x000000000000000000000000000000000000000000000000000000000000063b"]]},"outputs":[["3b06000000000000000000000000000000000000000000000000000000000000"]],"processed_inputs":null,"processed_params":null,"processed_outputs":null,"max_lookup_inputs":0,"min_lookup_inputs":-11630,"max_range_size":16383,"version":"23.0.5"}