{"inputs":[["45eaffef93f5e1439170b97948e833285d588181b64550b829a031e1724e6430","09ddffef93f5e1439170b97948e833285d588181b64550b829a031e1724e6430","2b01000000000000000000000000000000000000000000000000000000000000","28daffef93f5e1439170b97948e833285d588181b64550b829a031e1724e6430","a303000000000000000000000000000000000000000000000000000000000000"]],"pretty_elements":{"rescaled_inputs":[["-0.67919921875","-1.0927734375","0.0364990234375","-1.1827392578125","0.1136474609375"]],"inputs":[["0x30644e72e131a029b85045b68181585d2833e84879b9709143e1f593efffea45","0x30644e72e131a029b85045b68181585d2833e84879b9709143e1f593efffdd09","0x000000000000000000000000000000000000000000000000000000000000012b","0x30644e72e131a029b85045b68181585d2833e84879b9709143e1f593efffda28","0x00000000000000000000000000000000000000000000000000000000000003a3"]],"processed_inputs":[],"processed_params":[],"processed_outputs":[],"rescaled_outputs":[["0.7264404296875"]],"outputs":[["0x000000000000000000000000000000000000000000000000000000000000173f"]]},"outputs":[["3f17000000000000000000000000000000000000000000000000000000000000"]],"processed_inputs":null,"processed_params":null,"processed_outputs":null,"max_lookup_inputs":7999,"min_lookup_inputs":0,"max_range_size":16383,"version":"23.0.5"}